,visit_id,visit_month,patient_id,UniProt,Peptide,PeptideAbundance
0,55_0,0,55,O00391,NEQEQPLGQWHLS,11254.3
1,55_0,0,55,O00533,GNPEPTFSWTK,102060.0
2,55_0,0,55,O00533,IEIPSSVQQVPTIIK,174185.0
3,55_0,0,55,O00533,KPQSAVYSTGSNGILLC(UniMod_4)EAEGEPQPTIK,27278.9
4,55_0,0,55,O00533,SMEQNGPGLEYR,30838.7
5,55_0,0,55,O00533,TLKIENVSYQDKGNYR,23216.5
6,55_0,0,55,O00533,VIAVNEVGR,170878.0
7,55_0,0,55,O00533,VMTPAVYAPYDVK,148771.0
8,55_0,0,55,O00533,VNGSPVDNHPFAGDVVFPR,55202.1
9,55_0,0,55,O00584,ELDLNSVLLK,27229.3
10,55_0,0,55,O00584,HGTC(UniMod_4)AAQVDALNSQKK,12356.5
11,55_0,0,55,O14498,ALPGTPVASSQPR,41526.9
12,55_0,0,55,O14773,LFGGNFAHQASVAR,24884.4
13,55_0,0,55,O14773,LYQQHGAGLFDVTR,6353.65
14,55_0,0,55,O14791,VTEPISAESGEQVER,4202.71
15,55_0,0,55,O15240,AYQGVAAPFPK,107076.0
16,55_0,0,55,O15240,QQETAAAETETR,3095.35
17,55_0,0,55,O15240,THLGEALAPLSK,67603.7
18,55_0,0,55,O15394,ASGSPEPAISWFR,39688.8
19,55_0,0,55,O15394,NIINSDGGPYVC(UniMod_4)R,23209.4
20,55_0,0,55,O43505,TALASGGVLDASGDYR,333376.0
21,55_0,0,55,O60888,TQSSLVPALTDFVR,166850.0
22,55_0,0,55,O75144,ALMSPAGMLR,54083.9
23,55_0,0,55,O75144,GLYDVVSVLR,44662.4
24,55_0,0,55,O75326,SEGLLAC(UniMod_4)GTNAR,6380.35
25,55_0,0,55,O94919,ILEVVNQIQDEER,44104.1
26,55_0,0,55,O94919,QALNTDYLDSDYQR,23463.5
27,55_0,0,55,P00441,ADDLGKGGNEESTKTGNAGSR,39389.3
28,55_0,0,55,P00441,TLVVHEKADDLGKGGNEESTK,24728.6
29,55_0,0,55,P00450,ALYLQYTDETFR,24160.3
30,55_0,0,55,P00450,EVGPTNADPVC(UniMod_4)LAK,376158.0
31,55_0,0,55,P00450,FNKNNEGTYYSPNYNPQSR,154080.0
32,55_0,0,55,P00450,GAYPLSIEPIGVR,308396.0
33,55_0,0,55,P00450,KAEEEHLGILGPQLHADVGDKVK,98122.6
34,55_0,0,55,P00450,MFTTAPDQVDKEDEDFQESNK,55828.2
35,55_0,0,55,P00450,MYYSAVDPTKDIFTGLIGPM(UniMod_35)K,18890.3
36,55_0,0,55,P00450,NNEGTYYSPNYNPQSR,51048.3
37,55_0,0,55,P00450,QYTDSTFRVPVER,30828.6
38,55_0,0,55,P00450,SVPPSASHVAPTETFTYEWTVPK,63714.5
39,55_0,0,55,P00734,DKLAAC(UniMod_4)LEGNC(UniMod_4)AEGLGTNYR,52170.7
40,55_0,0,55,P00734,ELLESYIDGR,42128.5
41,55_0,0,55,P00734,LAVTTHGLPC(UniMod_4)LAWASAQAK,199779.0
42,55_0,0,55,P00734,RQEC(UniMod_4)SIPVC(UniMod_4)GQDQVTVAMTPR,82568.1
43,55_0,0,55,P00734,SEGSSVNLSPPLEQC(UniMod_4)VPDRGQQYQGR,106592.0
44,55_0,0,55,P00734,SGIEC(UniMod_4)QLWR,90420.1
45,55_0,0,55,P00734,TATSEYQTFFNPR,115251.0
46,55_0,0,55,P00736,MGNFPWQVFTNIHGR,62060.4
47,55_0,0,55,P00736,NIGEFC(UniMod_4)GK,30988.7
48,55_0,0,55,P00736,YTTEIIK,16492.3
49,55_0,0,55,P00738,AVGDKLPEC(UniMod_4)EADDGC(UniMod_4)PKPPEIAHGYVEHSVR,44946.4
50,55_0,0,55,P00738,HYEGSTVPEK,4462.58
51,55_0,0,55,P00738,LRTEGDGVYTLNNEK,187918.0
52,55_0,0,55,P00738,LRTEGDGVYTLNNEKQWINK,150366.0
53,55_0,0,55,P00738,SPVGVQPILNEHTFC(UniMod_4)AGMSK,340295.0
54,55_0,0,55,P00738,TEGDGVYTLNNEK,69722.2
55,55_0,0,55,P00738,VDSGNDVTDIADDGC(UniMod_4)PKPPEIAHGYVEHSVR,617005.0
56,55_0,0,55,P00738,VGYVSGWGR,757542.0
57,55_0,0,55,P00738,VMPIC(UniMod_4)LPSKDYAEVGR,639591.0
58,55_0,0,55,P00738,VTSIQDWVQK,457061.0
59,55_0,0,55,P00738,YVM(UniMod_35)LPVADQDQC(UniMod_4)IR,106894.0
60,55_0,0,55,P00738,YVMLPVADQDQC(UniMod_4)IR,580667.0
61,55_0,0,55,P00746,ATLGPAVRPLPWQR,41765.2
62,55_0,0,55,P00746,RPDSLQHVLLPVLDR,69853.7
63,55_0,0,55,P00747,ATTVTGTPC(UniMod_4)QDWAAQEPHR,95958.3
64,55_0,0,55,P00747,C(UniMod_4)TTPPPSSGPTYQC(UniMod_4)LK,27508.8
65,55_0,0,55,P00747,FSPATHPSEGLEENYC(UniMod_4)RNPDNDPQGPWC(UniMod_4)YTTDPEKR,35477.7
66,55_0,0,55,P00747,HSIFTPETNPR,46735.3
67,55_0,0,55,P00747,KLYDYC(UniMod_4)DVPQC(UniMod_4)AAPSFDC(UniMod_4)GKPQVEPK,86332.6
68,55_0,0,55,P00747,NPDGDVGGPWC(UniMod_4)YTTNPR,25423.5
69,55_0,0,55,P00747,TPENYPNAGLTMNYC(UniMod_4)R,21146.3
70,55_0,0,55,P00747,WSSTSPHRPR,9282.55
71,55_0,0,55,P00748,GRPGPQPWC(UniMod_4)ATTPNFDQDQR,24463.5
72,55_0,0,55,P00748,NWGLGGHAFC(UniMod_4)R,21163.7
73,55_0,0,55,P00748,WGYC(UniMod_4)LEPK,26208.1
74,55_0,0,55,P00751,ASYGVKPR,12708.2
75,55_0,0,55,P00751,C(UniMod_4)LVNLIEK,78482.9
76,55_0,0,55,P00751,EKLQDEDLGFL,30943.2
77,55_0,0,55,P00751,FLC(UniMod_4)TGGVSPYADPNTC(UniMod_4)R,27327.7
78,55_0,0,55,P00751,VASYGVKPR,12868.9
79,55_0,0,55,P00751,VKDISEVVTPR,11423.1
80,55_0,0,55,P00751,VSEADSSNADWVTK,74863.5
81,55_0,0,55,P00751,WSGQTAIC(UniMod_4)DNGAGYC(UniMod_4)SNPGIPIGTR,14337.7
82,55_0,0,55,P00751,YGLVTYATYPK,217503.0
83,55_0,0,55,P00751,YGQTIRPIC(UniMod_4)LPC(UniMod_4)TEGTTR,157171.0
84,55_0,0,55,P01008,ANRPFLVFIR,495673.0
85,55_0,0,55,P01008,ATEDEGSEQKIPEATNR,229952.0
86,55_0,0,55,P01008,ATEDEGSEQKIPEATNRR,19118.9
87,55_0,0,55,P01008,DIPMNPMC(UniMod_4)IYR,569421.0
88,55_0,0,55,P01008,EVPLNTIIFMGR,115085.0
89,55_0,0,55,P01008,HGSPVDIC(UniMod_4)TAKPR,581873.0
90,55_0,0,55,P01008,KATEDEGSEQKIPEATNR,24822.5
91,55_0,0,55,P01008,LQPLDFKENAEQSR,382769.0
92,55_0,0,55,P01008,RVWELSK,224487.0
93,55_0,0,55,P01008,SPVDIC(UniMod_4)TAKPR,33169.4
94,55_0,0,55,P01009,FLENEDR,41501.1
95,55_0,0,55,P01009,FLENEDRR,46973.1
96,55_0,0,55,P01009,FNKPFVFLM(UniMod_35)IEQNTK,90349.0
97,55_0,0,55,P01009,GMFNIQHC(UniMod_4)K,150899.0
98,55_0,0,55,P01009,KLSSWVLLM(UniMod_35)K,68210.7
99,55_0,0,55,P01009,KQINDYVEK,31719.1
